Company,Title
AAPL,Nvidia stock closes at record as AI chipmaker nears being crowned most valuable company in history
AAPL,"Dow Jones Futures Fall, U.S. Markets Shut; Tesla Rival Uber Leads 5 Stocks In Buy Zones"
AAPL,Clara Technologies Up 8% as Launches Sales Buddi App on Google Play Store
AAPL,"A Modern-Day Plague: Infostealers Expose Billions Of Log-In Credentials, Compromising Digital Safety"
AAPL,Latest News In Cloud AI - Healthcare Embraces GenAI Amid Infrastructure Challenges
AAPL,Nvidia Stock Is on a Tear. How It Can Beat Apple’s All-Time Market Cap Record.
AAPL,TSMC to Delay Japan Chip Plant and Prioritize U.S. to Avoid Trump Tariffs
AAPL,Apple's China iPhone Sales Finally Turn Positive
AAPL,"Chinese sales of foreign phone makers, including Apple, drop 9.7% in May"
AAPL,Nvidia is on track to become the most valuable company in history
MSFT,5 tech stock picks for the second half of 2025: Dan Ives
MSFT,Investors Heavily Search Microsoft Corporation (MSFT): Here is What You Need to Know
MSFT,Latest News In Cloud AI - Healthcare Embraces GenAI Amid Infrastructure Challenges
MSFT,Prediction: 2 Incredible Artificial Intelligence (AI) Stocks That Will Be Worth More Than Nvidia in 3 Years
MSFT,Microsoft and Nvidia Are the Odd $4 Trillion Power Couple
MSFT,Microsoft and Nvidia are the odd $4T power couple
MSFT,2 Dividend Stocks That Could Help Set You Up for Life
MSFT,Jim Cramer Says “Meta is a Ridiculously Cheap Stock”
MSFT,Jim Cramer Says “NVIDIA’s Artificial Intelligence Chips Remain Unrivaled”
MSFT,Jim Cramer Notes “Microsoft Doesn’t Miss More Than Once”
GOOGL,"If I Could Load Up on Any Artificial Intelligence (AI) Stock, It Would Be This One (Hint: It's Not Nvidia)"
GOOGL,Here's Why Alphabet (GOOGL) is a Strong Growth Stock
GOOGL,Latest News In Cloud AI - Healthcare Embraces GenAI Amid Infrastructure Challenges
GOOGL,EU says it will continue rolling out AI legislation on schedule
GOOGL,The first big winners in the race to create AI superintelligence: the humans getting multi-million dollar pay packages
GOOGL,Google Invests in Nuclear Fusion with Power Purchase Agreement for Virginia Plant
GOOGL,Could This Surprise Company Become Nvidia's Biggest Competitor?
GOOGL,Alphabet Breakup Could Unleash Cloud Growth -- Analyst Calls It a 'Top Pick'
GOOGL,Better AI Stock for 2H25: NVIDIA or Palantir?
GOOGL,D-Wave's Quantum Rally Keeps Defying Gravity
GOOG,Latest News In Cloud AI - Healthcare Embraces GenAI Amid Infrastructure Challenges
GOOG,CME Group's Quarterly Earnings Preview: What You Need to Know
GOOG,The first big winners in the race to create AI superintelligence: the humans getting multi-million dollar pay packages
GOOG,Google Invests in Nuclear Fusion with Power Purchase Agreement for Virginia Plant
GOOG,Alphabet Breakup Could Unleash Cloud Growth -- Analyst Calls It a 'Top Pick'
GOOG,D-Wave's Quantum Rally Keeps Defying Gravity
GOOG,Google's Dual-Box Plan Seeks to Avert DMA Fines
GOOG,Big Tech Is Still Grappling With AI’s Energy Problem
GOOG,DeepMind Patent Gives AI Robots ‘Inner Speech’
GOOG,Nvidia briefly on track to become world's most valuable company ever
AMZN,Should You be Confident in Amazon’s (AMZN) Ability to Deliver Years of Solid Revenue Growth and Margin Expansion?
AMZN,The first big winners in the race to create AI superintelligence: the humans getting multi-million dollar pay packages
AMZN,Prediction: 2 Incredible Artificial Intelligence (AI) Stocks That Will Be Worth More Than Nvidia in 3 Years
AMZN,"This Growth Stock Has Skyrocketed 225,000% -- and It's Still a Screaming Buy"
AMZN,Jefferies Maintains Buy on Nike Amid HOKA’s Slowing Sales Growth
AMZN,Billionaire Bill Ackman May Be the Next Warren Buffett. He's Buying 2 Magnificent Stocks Up 160% and 270% Since 2023.
AMZN,"Amazon Hits 1 Million Robots, Should Human Workers Be Worried?: Company Says 'Creating New Career Opportunities'"
AMZN,This Summer’s Big TV Hit Brings Back Soap Opera Memories
AMZN,"Stock Market Week: OPEC, Big 12, Amazon Prime Day And Tariffs Deadline"
AMZN,"Veteran fund manager makes bold move on Apple, Marvell"
NVDA,5 tech stock picks for the second half of 2025: Dan Ives
NVDA,Nvidia stock closes at record as AI chipmaker nears being crowned most valuable company in history
NVDA,"Dow Jones Futures Fall, U.S. Markets Shut; Tesla Rival Uber Leads 5 Stocks In Buy Zones"
NVDA,US equity funds see largest weekly inflow in eight months
NVDA,"If I Could Load Up on Any Artificial Intelligence (AI) Stock, It Would Be This One (Hint: It's Not Nvidia)"
NVDA,"US Plans AI Chip Curbs on Malaysia, Thailand Over China Concerns"
NVDA,Global equity funds attract biggest weekly inflows in eight months
NVDA,Better Artificial Intelligence Stock: IonQ vs. Nvidia
NVDA,Is SoundHound AI a Buy?
NVDA,Nvidia Stock Is on a Tear. How It Can Beat Apple’s All-Time Market Cap Record.
META,5 tech stock picks for the second half of 2025: Dan Ives
META,"Meta upgraded, PNC Financial downgraded: Wall Street’s top analyst calls"
META,"A Modern-Day Plague: Infostealers Expose Billions Of Log-In Credentials, Compromising Digital Safety"
META,EU says it will continue rolling out AI legislation on schedule
META,The first big winners in the race to create AI superintelligence: the humans getting multi-million dollar pay packages
META,Jim Cramer Says “Meta is a Ridiculously Cheap Stock”
META,Jim Cramer Says “NVIDIA’s Artificial Intelligence Chips Remain Unrivaled”
META,Jim Cramer Notes “Microsoft Doesn’t Miss More Than Once”
META,Meta Launches “Superintelligence Labs” to Accelerate Personal AGI Development
META,"Microsoft Unveils MAI-DxO, AI System Outperforming Human Doctors in Disease Diagnosis"
TSLA,"Taxes, energy, and healthcare: 3 ways that Trump's megabill impacts the business world"
TSLA,5 tech stock picks for the second half of 2025: Dan Ives
TSLA,"Dow Jones Futures Fall, U.S. Markets Shut; Tesla Rival Uber Leads 5 Stocks In Buy Zones"
TSLA,"Tesla ‘very strong’ June ‘looks like an aberration,’ says HSBC"
TSLA,Expert Who Predicted Tesla Stock Crash Reconsiders — Bitcoin and 3 More Factors To Watch
TSLA,UK's best-selling cars revealed
TSLA,"The Week in Numbers: tariff deadline, Tesla troubles"
TSLA,Latest News In Electric Vehicles - Revolutionizing Transportation The Future of eVTOL Vehicles
TSLA,Elon Musk Lost to Trump. He Can’t Get Over It.
TSLA,Jim Cramer on Tesla: “Total Dice Roll”
PEP,My Smartest Dividend Stock to Buy Today
PEP,PepsiCo Adopts Salesforce AI Platform to Boost Efficiency and Marketing
PEP,Why Are These 3 High-Yield Dividend King Stocks Near 52-Week Lows While the S&P 500 Just Hit an All-Time High?
PEP,Constellation Brands beer sales drop: Beverage stock playbook
PEP,Top stock picks in the snack aisle: Impact of GLP-1s & RFK Jr.
PEP,The Battle to Keep Consumers Means Smaller Packs of Cookies and Chips
PEP,Is PepsiCo (PEP) the Best Consumer Staples Dividend Aristocrat Right Now?
PEP,Will the Weak Snack Demand Bite Into PepsiCo's Future Momentum?
PEP,What to Expect From PepsiCo’s Q2 2025 Earnings Report
PEP,RBC Maintains Pepsico (PEP) Price Target and Sector Perform Rating
AVGO,"Dow Jones Futures Fall, U.S. Markets Shut; Tesla Rival Uber Leads 5 Stocks In Buy Zones"
AVGO,What Makes Broadcom (AVGO) an Investment Bet?
AVGO,Broadcom Inc. (AVGO) Is a Trending Stock: Facts to Know Before Betting on It
AVGO,Advanced Micro Devices Stock Gets RS Rating Lift
AVGO,"Nvidia, AI Data Center Stocks Get Price-Target Hikes"
AVGO,QCOM Shares Gain 28.2% in Three Months: How to Play the Stock?
AVGO,3 Chip Stocks to Buy—and 1 to Avoid—as Semiconductors Soar
AVGO,MRVL's Margin Pressure Mounts as AI Revenues Rise: Is it Sustainable?
AVGO,"Circle Internet Group (CRCL): “The Firm That Brought It Public, Says It hould Be At 80!” Says Jim Cramer"
AVGO,3 Red Hot Stocks for the Second Half of 2025
COST,Costco Stock Rated Buy as UBS Highlights Growth Potential in Extended Hours Pilot
COST,Costco is now opening earlier for certain members
COST,"Costco’s Executive Membership Drives 73% of Sales, BMO Highlights"
COST,"Man reveals on The Ramsey Show that his dad is $90K in debt after retiring early, won't stop asking for cash"
COST,"NY man nearly lost Lamborghini, $200K in exotic car dealer’s ‘upgrade’ scheme — then helped catch the scammer"
COST,Analysis shows Trump's tariffs would cost US employers $82.3 billion
COST,They tried Made in the USA - it was too expensive for their customers
COST,Lululemon Sues Costco Over Alleged Knockoff Activewear
COST,Lululemon's lawsuit against Costco highlights the rise of fashion 'dupes'
COST,Sector Update: Consumer Stocks Higher Late Afternoon
ADBE,Signs of a pick-up in venture capital exits are finally emerging
ADBE,Adobe's Record Q2 Cash Flow Sets the Path: A Key to Future Momentum?
ADBE,"BofA Reiterates Buy Rating on Adobe Stock, Keeps PT at $475"
ADBE,Why Adobe Systems (ADBE) is a Top Growth Stock for the Long-Term
ADBE,Buy These 4 Stocks With Solid Sales Growth Amid Market Uncertainty
ADBE,1 Cash-Producing Stock with Promising Prospects and 2 to Turn Down
ADBE,"These Stocks Moved the Most Today: Tesla, Centene, Apple, Adobe, Rigetti Computing, Greenbrier, and More"
ADBE,"Stock Market Today: Dow Slips, S&P At Record As Trump Touts Deal; Tesla Jumps As Quantum Stocks Soar (Live Coverage)"
ADBE,"Adobe Faces Canva Competition, Expands Firefly AI Tools to Mobile Devices"
ADBE,Stocks Supported by Chip Stock Strength and Trade News
CMCSA,Comcast Gets Buy Rating as Peacock and Universal Boost Growth Outlook
CMCSA,This Summer’s Big TV Hit Brings Back Soap Opera Memories
CMCSA,Comcast Corporation (NASDAQ:CMCSA) is favoured by institutional owners who hold 86% of the company
CMCSA,Paramount Settles Trump’s ‘60 Minutes’ Suit for $16 Million
CMCSA,Brandy Zadrozny moves from NBC News to MSNBC as the network’s post-Comcast newsroom takes shape
CMCSA,"Here’s what’s worth streaming in July 2025 on Netflix, Hulu, Max, Disney+ and more"
CMCSA,Love Island Is a Smash Hit for Peacock. What It Means for Streaming.
CMCSA,Disney Stock Jumps After Upgrade. Why Parks and Cruises Can Drive It Higher.
CMCSA,Disney stock upgraded by Jefferies 'for four primary reasons'
CMCSA,"Comcast Expands High-Speed Internet to 4,000+ Homes, Businesses in Paola, Hillsdale"
CSCO,"Taxes, energy, and healthcare: 3 ways that Trump's megabill impacts the business world"
CSCO,"Investors Heavily Search Cisco Systems, Inc. (CSCO): Here is What You Need to Know"
CSCO,"Datadog is Joining the S&P 500 Index, But is DDOG Stock a Buy on the Breakout?"
CSCO,AI Is Fueling Mergers. Here Are 2 That Make Sense.
CSCO,3 Growth Stocks to Stash
CSCO,"Hewlett Packard Enterprise Company (HPE) Is Going To Be More Than An NVIDIA Assembler, Says Jim Cramer"
CSCO,"Oracle, OpenAI Expand Stargate Deal for More US Data Centers"
CSCO,5 Revealing Analyst Questions From Cisco’s Q1 Earnings Call
CSCO,Arista Purchase Of VeloCloud From Broadcom Gets Good Reviews
CSCO,BofA introduces the Top 10 U.S. Ideas for Q3 2025
NFLX,This Summer’s Big TV Hit Brings Back Soap Opera Memories
NFLX,"Netflix Q2 Results Expected to Beat Guidance, Wedbush Says"
NFLX,Trump’s Vietnam Trade Deal Is All About China. What That Means for Markets.
NFLX,Netflix and Spotify Stocks Are Gaining. How the Streamers Can Stay Strong.
NFLX,"JPMorgan Holds Neutral on Netflix, Citing Balanced Risk/Reward Despite Strong Growth Potential"
NFLX,Sector Update: Consumer Stocks Rise in Afternoon Trading
NFLX,Cruises Profit as Cost-Conscious Travelers Set Sail This Summer
NFLX,"Netflix, Rivian, Microsoft: Trending Tickers"
NFLX,"Apple, Alphabet and Tesla are Holding the S&P 500 Rally Back"
NFLX,"Netflix seeking to partner with Spotify on live TV projects, WSJ reports"
TXN,1 Semiconductor Stock on Our Buy List and 2 to Avoid
TXN,Texas Instruments (NASDAQ:TXN) Will Be Hoping To Turn Its Returns On Capital Around
TXN,Stocks Supported by Chip Stock Strength and Trade News
TXN,Texas Instruments Earnings Preview: What to Expect
TXN,3 Reasons TXN is Risky and 1 Stock to Buy Instead
TXN,"Nvidia, AMD, Broadcom Lead Chip Sell-Off as H2 Kicks Off"
TXN,Texas Instruments Insiders Sold US$5.5m Of Shares Suggesting Hesitancy
TXN,Jim Cramer Notes Micron Reported a “Pretty Good Number”
TXN,What Texas Instruments Capital Strength Means for Its Dividend
TXN,Texas Instruments Incorporated (TXN) is Attracting Investor Attention: Here is What You Should Know
AMGN,Piper Sandler Reaffirms Buy on Amgen Amid MariTide Tolerability Update
AMGN,Lilly and Novo Are the Kings of Weight-Loss Drugs. The Companies Coming for Their Crowns.
AMGN,"Amgen Insiders Sell US$12m Of Stock, Possibly Signalling Caution"
AMGN,Amgen (AMGN) Announces Full Results from Part 1 of the Phase 2 study of MariTide
AMGN,Amgen (AMGN) Outperforms Broader Market: What You Need to Know
AMGN,This GLP-1 Stock's Bad News Could Be a Big Win for Eli Lilly and Novo Nordisk
AMGN,Trading Rotation Kicks Off 2nd Half of 2025
AMGN,Investors Heavily Search Amgen Inc. (AMGN): Here is What You Need to Know
AMGN,Amgen and Zai Lab’s trial of gastric cancer therapy meets primary endpoint
AMGN,Can Protagonist Take On Eli Lilly's Next-Generation Obesity Treatment?
QCOM,AI Chips Update - AI-Driven Robotics Revolutionizes Global Tech Investment Landscape
QCOM,QCOM Shares Gain 28.2% in Three Months: How to Play the Stock?
QCOM,Nvidia Stock Today: 3 Things Keeping the Rally Going
QCOM,AI Isn’t Just About Nvidia: 2 Rising Stars in the Artificial Intelligence Race
QCOM,Qualcomm (QCOM) Outperforms Broader Market: What You Need to Know
QCOM,"Nvidia, Qualcomm, and More Could Gain From Growing Autonomous Vehicle Market, BofA Says"
QCOM,AI Chips Update - Navitas Expands GaN Technology Through Powerchip Partnership
QCOM,Silicon Motion Validates UFS Solution’s Compatibility with QUALCOMM’s (QCOM) Automotive Platform
QCOM,"Nvidia, AMD, Broadcom Lead Chip Sell-Off as H2 Kicks Off"
QCOM,Microsoft Stock Is Headed for $4 Trillion. Is It Too Late to Buy MSFT Here?
INTC,Morgan Stanley: Intel (INTC) Next-Gen Foundry Faces 'Minimal' Hits
INTC,Intel’s Chip Strategy Shifts Again: Time to Buy the Dip?
INTC,Intel CEO considers strategic shift in chip manufacturing
INTC,Jim Cramer on Intel’s CEO: “He’s Monster Good”
INTC,Super Micro Computer’s BigTwin Server Achieves Industry-First Intel Immersion Cooling Certification
INTC,"Nvidia, AI Data Center Stocks Get Price-Target Hikes"
INTC,QCOM Shares Gain 28.2% in Three Months: How to Play the Stock?
INTC,Watch These Intel Price Levels After Report New CEO Is Mulling Manufacturing Strategy Shift
INTC,What could a shift in Intel’s foundry strategy bring?
INTC,US Senate passes tax bill to boost chip industry incentives
AMD,US equity funds see largest weekly inflow in eight months
AMD,Mizuho's Top Analyst Sees Strong AI Upside in AMD Through 2025
AMD,Intel’s Chip Strategy Shifts Again: Time to Buy the Dip?
AMD,AI Chips Update - AI-Driven Robotics Revolutionizes Global Tech Investment Landscape
AMD,Advanced Micro Devices Stock Gets RS Rating Lift
AMD,"Nvidia, AI Data Center Stocks Get Price-Target Hikes"
AMD,AMD vs. Micron Technology: Which Semiconductor Stock Has More Upside?
AMD,3 Chip Stocks to Buy—and 1 to Avoid—as Semiconductors Soar
AMD,MRVL's Margin Pressure Mounts as AI Revenues Rise: Is it Sustainable?
AMD,Nvidia Stock Today: 3 Things Keeping the Rally Going
INTU,Writer CEO May Habib to take the AI Stage at TechCrunch Disrupt 2025
INTU,How companies are rethinking their vetting of engineering candidates in the age of AI coding tools
INTU,Intuit (NasdaqGS:INTU) Unveils AI Agents Revolutionising Business Management And Growth
INTU,3 Stocks That May Be Undervalued By Up To 44.2%
INTU,Intuit Launches AI Agents For QuickBooks Accounting Software
INTU,How the Market Has Changed Since It Was Last Breaking Records—Streetwise
INTU,"Zacks.com featured highlights include Intuit, Nova, Newmont and Pagaya Technologies"
INTU,"Intuit Inc. (INTU): “I Really Love” It, Says Jim Cramer"
INTU,Trump dispatches Vance to Hill to secure GOP votes for tax bill
INTU,"Intuit Inc. (INTU) Is Using AI Platforms, Says Jim Cramer"
HON,Honeywell Stock Is on a Roll. It Looks Ready to Break Out.
HON,Warehouse Automation Trend Is Positive For These Stocks
HON,Honeywell International Stock Gets Relative Strength Rating Lift
HON,Will Honeywell International (HON) Beat Estimates Again in Its Next Earnings Report?
HON,Can Honeywell International Inc.'s (NASDAQ:HON) ROE Continue To Surpass The Industry Average?
HON,"Stock Market Today: Dow Jones Up As Apple, Palantir Surge; Robinhood Soars To New Highs On These Moves"
HON,Borouge Partners with Honeywell to Develop Autonomous Operations in UAE
HON,When Should You Buy Honeywell International Inc. (NASDAQ:HON)?
HON,"Job openings among the largest U.S. federal contractors have plummeted at 25x the rate of all other jobs amid DOGE cuts, report finds"
HON,Resideo’s Q1 Earnings Call: Our Top 5 Analyst Questions
BKNG,"Travel Stocks Could Offer Investors a Glorious Trip, This Analyst Says"
BKNG,Tripadvisor Stock Surges. Why Starboard Stake Is Good for the Travel Sector.
BKNG,Booking Holdings Inc. (BKNG) is Attracting Investor Attention: Here is What You Should Know
BKNG,Are Retail-Wholesale Stocks Lagging  Booking Holdings (BKNG) This Year?
BKNG,"The Zacks Analyst Blog Highlights Meta Platforms, ServiceNow, Booking, Vaso and bioAffinity Technologies"
BKNG,"Top Research Reports for Meta Platforms, ServiceNow & Booking"
BKNG,Here's Why Booking Holdings (BKNG) is a Strong Momentum Stock
BKNG,US Trips to Japan Surpass Paris for Hot Summer Vacation Destinations
BKNG,Israel-Iran Ceasefire Lifts Travel Giant. But That's Not All.
BKNG,"Booking Holdings Best Positioned in Travel Sector, Says Piper Sandler After Executive Meetings"
VRTX,Vertex Says Long-Term Data Show Casgevy's 'Durable' Clinical Benefits in Blood Disorder Trials
VRTX,Vertex Pharmaceuticals (NasdaqGS:VRTX) Secures EU Approval for New CF Treatment Access
VRTX,Vertex Pharmaceuticals Incorporated (VRTX) is Attracting Investor Attention: Here is What You Should Know
VRTX,Vertex Gets EU Nod for New Cystic Fibrosis Drug Alyftrek
VRTX,"Vertex wins European approval for Alyftrek, bolstering cystic fibrosis stronghold"
VRTX,Vertex Pharmaceuticals (VRTX) Rises As Market Takes a Dip: Key Facts
VRTX,AbbVie to buy Capstan for up to $2.1 billion in immunology push
VRTX,"Vertex Down Around 9% in Three Months: Should You Buy, Sell or Hold the Stock?"
VRTX,H.C. Wainwright Reaffirms Vertex Buy Rating After ADA Conference Results
VRTX,Vertex Pharmaceuticals Incorporated (VRTX) Benefited from the Launch of its New Drug
GILD,Gilead Sciences (GILD) Announces that US FDA Approves Yeztugo®as pre-exposure prophylaxis (PrEP)
GILD,Assembly Biosciences Says First Participant Dosed in Phase 1b Study of HSV Drug ABI-1179
GILD,Gilead extends gains after Supreme Court upheld an Obamacare provision
GILD,This firm represents one of investing’s toughest moral debates
GILD,"Gilead, Kymera Partner in $750M Deal to Develop Novel Molecular Glue Degraders for Cancer"
GILD,Gilead Sciences (GILD) Beats Stock Market Upswing: What Investors Need to Know
GILD,"Gilead, Exact Jump After The Supreme Court Upholds A 'Cornerstone' Of Health Care"
GILD,Kymera’s partnerships with Sanofi and Gilead drive value
GILD,"Gilead Sciences, Inc. (GILD) Is a Trending Stock: Facts to Know Before Betting on It"
GILD,"Kymera weakness a buying opportunity, says Stifel"
ISRG,Intuitive Surgical's Fifth Generation da Vinci System Receives CE Mark
ISRG,"Investors Heavily Search Intuitive Surgical, Inc. (ISRG): Here is What You Need to Know"
ISRG,This $125M Israeli Startup Is Building The World's First Cataract Robot To Solve A Global Crisis: 'There Is No Human Way To Close The Gap'
ISRG,Intuitive Surgical (NasdaqGS:ISRG) Expands Da Vinci Surgical System Presence In European Market
ISRG,Intuitive Surgical’s da Vinci 5 robot wins CE mark
ISRG,Can ISRG Maintain Robotics Edge Amid Rising Rivalry & Budget Strain?
ISRG,Wolfe upgrades Medtronic as pulsed field ablation may jolt near term growth
ISRG,What to Expect From Intuitive Surgical's Next Quarterly Earnings Report
ISRG,Intuit Hits All-Time High of $775.36; Analyst Upgrades Fuel Rally
ISRG,"Intuitive Surgical, Inc. (ISRG) Rises Higher Than Market: Key Facts"
ADI,3 Volatile Stocks in the Doghouse
ADI,"Is Analog Devices, Inc. (NASDAQ:ADI) Potentially Undervalued?"
ADI,Analog Devices (ADI) Exceeds Market Returns: Some Facts to Consider
ADI,"Nvidia, AMD, Broadcom Lead Chip Sell-Off as H2 Kicks Off"
ADI,STMicroelectronics Stock Sees RS Rating Jump To 81
ADI,Analog Devices (ADI) Now Trades Above Golden Cross: Time to Buy?
ADI,5 Revealing Analyst Questions From Analog Devices’s Q1 Earnings Call
ADI,Analog Devices' (NASDAQ:ADI) 16% CAGR outpaced the company's earnings growth over the same five-year period
ADI,Analog Devices Stock Sees Relative Strength Rating Rise To 73
ADI,2 Semiconductor Stocks with Exciting Potential and 1 to Keep Off Your Radar
LRCX,Lam Research (LRCX) Exceeds Market Returns: Some Facts to Consider
LRCX,2 Reasons to Like LRCX (and 1 Not So Much)
LRCX,Why Lam Research (LRCX) Could Beat Earnings Estimates Again
LRCX,These 2 Computer and Technology Stocks Could Beat Earnings: Why They Should Be on Your Radar
LRCX,The Tech-Stock Bargains Hiding in Nvidia’s Shadow
LRCX,Lam Research: The Next Disruptor in the Semiconductor industry
LRCX,Will Dextro Cobot Accelerate LRCX's CSBG Growth With AI Precision?
LRCX,AMAT's New R&D Hub in 2026: Will EPIC Push It Ahead in Chips?
LRCX,Jim Cramer Notes Micron Reported a “Pretty Good Number”
LRCX,"Cantor Fitzgerald Raised The PT on Lam Research (LRCX), Maintains a Buy Rating"
REGN,FDA Grants Accelerated Approval to Regeneron's Blood Cancer Drug
REGN,Regeneron nabs dosing edge with Lynozyfic’s FDA approval in multiple myeloma
REGN,Regeneron Pharmaceuticals (REGN) and Sanofi Announce Approval of Dupixent® By US FDA
REGN,Regeneron Gets Accelerated FDA OK of Lynozyfic for Blood Cancer Treatment
REGN,Why Investors Need to Take Advantage of These 2 Medical Stocks Now
REGN,"Heart Drug Stock Rockets 20% On Sales, Boosts Outlook; Regeneron Pharma's Global Partnership Is Strong Tailwind"
REGN,Anne Wojcicki's nonprofit gets court approval to buy 23andMe for $305 million
REGN,Regeneron Pharmaceuticals (NasdaqGS:REGN) Exits Multiple Russell Growth Indices
REGN,Former 23andMe CEO regains company control as $305m sale to nonprofit approved
REGN,"Circle initiated, Disney upgraded: Wall Street's top analyst calls"
ADP,Nonfarm Payrolls Exceed Estimates in June
ADP,Stocks Edge Up Pre-Bell as Investors Await Key Jobs Report Before Independence Day
ADP,"Nasdaq, S&P 500 Notch New Record Highs Following US-Vietnam Deal; Tesla Rebounds"
ADP,Equities Mostly Rise Intraday After US-Vietnam Trade Deal; Tesla Advances
ADP,Economic Data Deluge This Week
ADP,Wall Street Set to Close Strong a Turbulent 1H 2025
ADP,Bumble (BMBL) Soars 25.1%: Is Further Upside Left in the Stock?
ADP,The 5 Most Interesting Analyst Questions From ADP’s Q1 Earnings Call
ADP,Those who invested in Automatic Data Processing (NASDAQ:ADP) five years ago are up 135%
ADP,UBS Affirms ‘Neutral’ Rating on Automatic Data Processing (ADP) Following Guidance Adjustment
MU,US equity funds see largest weekly inflow in eight months
MU,2 Reasons to Like MU (and 1 Not So Much)
MU,Prediction: This Growth Stock Will Skyrocket in the Second Half of 2025
MU,US Senate passes tax bill to boost chip industry incentives
MU,AMD vs. Micron Technology: Which Semiconductor Stock Has More Upside?
MU,"Rosenblatt Securities Raises Micron’s Price Target to Street-High of $200, Reiterates Buy Rating"
MU,Bernstein SocGen Affirms ‘Outperform’ Rating on Micron Technology (MU) Amid HBM Opportunity
MU,Morgan Stanley sees improved outlook for TSMC’s U.S. investment under new policy
MU,"The Zacks Analyst Blog Highlights Johnson & Johnson, The Home Depot, Micron Technology, Autoscope Technologies and Nova LifeStyle"
MU,Tech Earnings Are Around the Corner. Keep an Eye Out for These Themes.
ASML,EU says it will continue rolling out AI legislation on schedule
ASML,"Nvidia, AI Data Center Stocks Get Price-Target Hikes"
ASML,KLAC Scales in Advanced Packaging: Is Growth Set to Increase Further?
ASML,"Airbus, ASML, Mistral Bosses Ask EU to Pause AI Rules"
ASML,"Key investing trends in June, from defence stocks to Tesla's sales slump"
ASML,Explainer-Will the EU delay enforcing its AI Act?
ASML,ASML (ASML) Surpasses Market Returns: Some Facts Worth Knowing
ASML,These 2 Computer and Technology Stocks Could Beat Earnings: Why They Should Be on Your Radar
ASML,ASML target cut at BofA on Foundry/Logic risks
ASML,Jefferies Downgrades ASML Holding N.V. (ASML) Stock to Hold
CDNS,"S&P 500, Nasdaq clinch records for third time this week as optimism sweeps Wall Street"
CDNS,"Dow Jones Futures Fall, U.S. Markets Shut; Tesla Rival Uber Leads 5 Stocks In Buy Zones"
CDNS,"Investors Heavily Search Cadence Design Systems, Inc. (CDNS): Here is What You Need to Know"
CDNS,We Think Cadence Design Systems (NASDAQ:CDNS) Can Manage Its Debt With Ease
CDNS,"Bank Of America, Two Others In Buy Zones After New Highs"
CDNS,How Should You Play CDNS Stock as US Lifts Export Restrictions on Cadence Design Systems?
CDNS,"S&P 500, Nasdaq Stretch Record Closing Runs After Jobs Report"
CDNS,"Cadence, Synopsys Jump After China Export Curbs Lifted"
CDNS,Equity Markets Close Higher After Better-Than-Expected Jobs Data
CDNS,"Cadence (CDNS) Stock Trades Up, Here Is Why"
PANW,3 Red Hot Stocks for the Second Half of 2025
PANW,CrowdStrike’s Rally Is Splitting Wall Street. Why This Analyst Still Backs It.
PANW,Palo Alto Networks vs. Okta: Which Cybersecurity Stock is a Smart Buy?
PANW,Is It Worth Investing in Palo Alto (PANW) Based on Wall Street's Bullish Views?
PANW,Is It Too Late to Buy Palo Alto Networks Stock?
PANW,"Is Palo Alto Networks, Inc.'s (NASDAQ:PANW) Latest Stock Performance A Reflection Of Its Financial Health?"
PANW,3 Cash-Producing Stocks with Questionable Fundamentals
PANW,"Microsoft, Meta And 3 IPOs Lead This Barrage Of Breakout Stocks To Watch"
PANW,Palo Alto Networks (PANW) Declines More Than Market: Some Information for Investors
PANW,"Is Zscaler Stock a Buy, Sell or Hold at a P/S Multiple of 15.56X?"
MELI,MercadoLibre (MELI) Delivered Robust Results in Q1
MELI,Strong Results Lifted MercadoLibre (MELI) in Q1
MELI,Here's Why MercadoLibre (MELI) is a Strong Growth Stock
MELI,MELI vs. PDD: Which E-Commerce Stock Has More Upside Potential?
MELI,Should You Forget Apple and Buy These 2 Millionaire-Maker Stocks Instead?
MELI,MercadoLibre (MELI) Outperforms Broader Market: What You Need to Know
MELI,MercadoLibre (MELI) Surged on Substantial Operating Profit Beat
MELI,My Smartest Growth Stock to Buy Today
MELI,"Citi Maintains ‘Buy’ Rating on MercadoLibre, Inc. (MELI)"
MELI,"Morgan Stanley Maintains a Buy Rating on MercadoLibre (MELI) With a $2,850 PT"
PDD,PDD Holdings Inc. Sponsored ADR (PDD) Stock Sinks As Market Gains: What You Should Know
PDD,MELI vs. PDD: Which E-Commerce Stock Has More Upside Potential?
PDD,Is the Options Market Predicting a Spike in PDD Holdings Stock?
PDD,Alibaba Offers $7 Billion of Subsidies to Defend Turf in China
PDD,Trump's Tariff Tsunami Just Crushed Temu and Shein--Here's Where They're Fleeing Next
PDD,Morgan Stanley says Temu demand hit by ongoing policy changes
PDD,Brokers Suggest Investing in PDD Holdings Inc. Sponsored ADR (PDD): Read This Before Placing a Bet
PDD,Temu's U.S. Collapse: From Super Bowl Stardom to Sales Freefall in Just Months
PDD,PDD slips on report that Temu U.S. sales plunged 25%
PDD,Technical Outlook Favors Tactical Options Strategy on PDD Holdings Stock (PDD)
MAR,Marriott Seen as High-Quality Asset-Light Compounder with Limited Upside: JPMorgan
MAR,Marriott to launch three new hotels in Canada by 2030
MAR,Why major hotels are growing their presence in Africa
MAR,3 Reasons to Sell MAR and 1 Stock to Buy Instead
MAR,International investor consortium acquires Vienna Marriott Hotel in Austria
MAR,5 Must-Read Analyst Questions From Marriott’s Q1 Earnings Call
MAR,Marriott signs multi-unit agreement with Corporacion Polaris and Cardedeu
MAR,Marriott signs agreement to launch City Express brand in El Salvador
MAR,Sonder CEO steps down following Marriott integration
MAR,Marriott International (NasdaqGS:MAR) Expands Into El Salvador With New City Express Properties
MNST,UBS Maintains Neutral on Monster Beverage Despite Rising Aluminum Tariffs
MNST,Jim Cramer on Monster Beverage: “I Would Not Walk Away From That”
MNST,Does Monster Beverage (NASDAQ:MNST) Have A Healthy Balance Sheet?
MNST,5 Revealing Analyst Questions From Monster’s Q1 Earnings Call
MNST,Rite Aid’s Thrifty ice cream brand gets sold to a business entity linked to Monster Energy executives
MNST,Calculating The Fair Value Of Monster Beverage Corporation (NASDAQ:MNST)
MNST,These Stocks Will Thrive Because of Subprime Customers
MNST,Why 50% Aluminum Tariffs Won’t Hurt Can Makers. These Companies Will Take the Hit.
MNST,3 Reasons We Love Monster (MNST)
MNST,PepsiCo Bets on Innovation: Will It Boost Global Market Share?
KDP,Investors in Keurig Dr Pepper (NASDAQ:KDP) have seen respectable returns of 31% over the past five years
KDP,Earnings Preview: What To Expect From Keurig Dr Pepper’s Report
KDP,Should You Invest in Keurig Dr Pepper (KDP)?
KDP,Keurig Dr Pepper Inc.'s (NASDAQ:KDP) Stock Has Shown Weakness Lately But Financial Prospects Look Decent: Is The Market Wrong?
KDP,Keurig Dr Pepper’s Dividend Reliability Strengthens With Bold Insider Purchase
KDP,Jim Cramer on Keurig Dr Pepper: “I Don’t Want to Touch That One”
KDP,Keurig Dr Pepper (NasdaqGS:KDP) Partners With Chillhouse For Iced Coffee & Manicure Combo
KDP,Three Days Left Until Keurig Dr Pepper Inc. (NASDAQ:KDP) Trades Ex-Dividend
KDP,5 Insightful Analyst Questions From Keurig Dr Pepper’s Q1 Earnings Call
KDP,3 Reasons KDP is Risky and 1 Stock to Buy Instead
CTSH,"Ericsson, LMT Partner for Cloud-Native Core Network Transformation"
CTSH,Be Resilient By Accepting Adversity And Learning From It
CTSH,3 IT Services Stocks to Buy Right Now From a Prospering Industry
CTSH,SERV Stock Slips 9% in a Month: Should Investors Buy the Dip or Wait?
CTSH,SHEN's Glo Fiber Expands Footprint with Next-Gen Fiber Optic Internet
CTSH,"T-Mobile Completes $2B Florida 5G Expansion, Boosts Speed & Access"
CTSH,Wix Partners With Alibaba to Power SMEs in Global Markets
CTSH,Cognizant (CTSH) Deepens Salesforce Partnership with Agentforce AI Agent Services
CTSH,CTSH vs. EPAM: Which Stock Is the Better Value Option?
CTSH,Intuit CEO Sasan Goodarzi on ‘the most significant launch we’ve ever had in our history’
FTNT,"Fortinet Recognized as a Leader in 2025 Gartner Magic Quadrant for Enterprise Wired, Wireless LAN Infrastructure"
FTNT,Fortinet (FTNT) Beats Stock Market Upswing: What Investors Need to Know
FTNT,What Makes FortiGate the Core Driver of Fortinet's Product Growth?
FTNT,Are You a Momentum Investor? This 1 Stock Could Be the Perfect Pick
FTNT,Fortinet (FTNT) Supercharges Cloud Security with FortiCNAPP on AWS
FTNT,FTNT's Unified SASE Strategy Drives Growth: Hold or Fold the Stock?
FTNT,Fortinet (FTNT) Surpasses Market Returns: Some Facts Worth Knowing
FTNT,When To Sell Stocks: Using An Upper Channel Line Break To Lock In Big Gains
FTNT,Fortinet (FTNT) Declines More Than Market: Some Information for Investors
FTNT,Fortinet (NasdaqGS:FTNT) Expands Cloud Security Portfolio with Enhanced AWS Marketplace Offerings
ROST,ROST vs. DLTR: Which Retail-Discount Stock is the Better Buy Now?
ROST,"Apple upgraded, Adobe downgraded: Wall Street's top analyst calls"
ROST,Q1 Earnings Highs And Lows: Ross Stores (NASDAQ:ROST) Vs The Rest Of The Discount Retailer Stocks
ROST,Grocery Outlet refreshes its board as it looks to boost profitability
ROST,JPMorgan Bullish on Ross Stores (ROST) Amid New Marketing and Store Refresh Strategy
ROST,Discount Retailer Stocks Q1 Results: Benchmarking TJX (NYSE:TJX)
ROST,Unpacking Q1 Earnings: Kohl's (NYSE:KSS) In The Context Of Other General Merchandise Retail Stocks
ROST,1 Safe-and-Steady Stock Worth Your Attention and 2 to Steer Clear Of
ROST,"The Zacks Analyst Blog Highlights Costco Wholesale Corporation, Ross Stores, Dollar General and Target"
ROST,What To Expect From Five Below’s (FIVE) Q1 Earnings
KLAC,KLA Corporation's Q4 2025 Earnings: What to Expect
KLAC,"KLA Corporation Opens $138 Million R&D, Manufacturing Facility in Wales for Semiconductor Innovation"
KLAC,KLAC Scales in Advanced Packaging: Is Growth Set to Increase Further?
KLAC,AMAT vs. KLAC: Which Semiconductor Equipment Stock is the Better Buy?
KLAC,Will Dextro Cobot Accelerate LRCX's CSBG Growth With AI Precision?
KLAC,"Zacks Industry Outlook Highlights KLA, Rockwell Automation and Flex"
KLAC,ASML's High-NA Progress Amazes: Can Early Trials Turn to Mass Demand?
KLAC,2 Mooning  Stocks for Long-Term Investors and 1 to Turn Down
KLAC,KLA (KLAC) Stock Declines While Market Improves: Some Information for Investors
KLAC,"Nvidia Breaks Out, With AI Trade Back In High Gear"
WBD,"Warner Bros., Cidara, LENZ Therapeutics, and More Stocks See Action From Activist Investors"
WBD,Market Chatter: JPMorgan Chase Helps Warner Bros. Fast-Track Debt Deal to Enable Company Split
WBD,"JPMorgan’s Risky, 5-Day Dash to Help Warner Bros. Split in Two"
WBD,"Investors Heavily Search Warner Bros. Discovery, Inc. (WBD): Here is What You Need to Know"
WBD,"Here’s what’s worth streaming in July 2025 on Netflix, Hulu, Max, Disney+ and more"
WBD,Warner Bros. Discovery stock falls after Advance/Newhouse sells $1B stake
WBD,BofA introduces the Top 10 U.S. Ideas for Q3 2025
WBD,The F1 Movie’s Success May Be Helping Apple Stock. But Here Are the Bigger Winners.
WBD,Disney stock upgraded by Jefferies 'for four primary reasons'
WBD,"Are Investors Undervaluing Warner Bros. Discovery, Inc. (NASDAQ:WBD) By 39%?"
EXC,An Intrinsic Calculation For Exelon Corporation (NASDAQ:EXC) Suggests It's 43% Undervalued
EXC,"With A Return On Equity Of 9.8%, Has Exelon Corporation's (NASDAQ:EXC) Management Done Well?"
EXC,"Renewables leaders parse the damage to their industry as Senate approaches vote on ‘Big, Beautiful Bill’"
EXC,Utility Giant Exelon Grows Amid Surging Data Center Demand
EXC,Exelon (EXC) Could Be a Great Choice
EXC,Are Utilities Stocks Lagging  E.ON (EONGY) This Year?
EXC,Exelon (NasdaqGS:EXC) Announces Melissa Washington's Appointment As SVP Of Governmental Affairs
EXC,Why This 1 Value Stock Could Be a Great Addition to Your Portfolio
EXC,Exelon to Gain From Investments and Cost Management Initiatives
EXC,"With 85% ownership of the shares, Exelon Corporation (NASDAQ:EXC) is heavily dominated by institutional owners"
EA,Electronic Arts (EA) Upgraded to Buy: Here's Why
EA,Can Gaming Become the Next Revenue Pillar for Netflix Stock?
EA,3 Low-Volatility Stocks in Hot Water
EA,2 Cash-Heavy Stocks for Long-Term Investors and 1 to Avoid
EA,5 Revealing Analyst Questions From Electronic Arts’s Q1 Earnings Call
EA,"Nintendo and These Other Videogame Stocks Are an Enticing Investment, Analyst Says"
EA,23 Stocks That Score High on What Counts in the 2025 Market
EA,Here's Why Electronic Arts (EA) is a Strong Momentum Stock
EA,2 Nasdaq 100 Stocks to Target This Week and 1 to Question
EA,Here's What To Make Of Electronic Arts' (NASDAQ:EA) Decelerating Rates Of Return
ORLY,Here’s What Boosted O’Reilly Automotive’s (ORLY) Performance in Q1
ORLY,O'Reilly Automotive Earnings Preview: What to Expect
ORLY,Is O’Reilly Automotive (ORLY) a Defensive Stock?
ORLY,O’Reilly Stock Split Drives Price Target Adjustment Despite Mixed Q1 Results
ORLY,"This Stock Is Up 55,000% Since Its IPO: Here's 1 Reason It Could Still Be a Smart Buy"
ORLY,"Better Stock-Split Stock: Fastenal, O'Reilly Automotive, or Interactive Brokers?"
ORLY,Is O'Reilly Automotive Stock a Millionaire Maker?
ORLY,Stocks Soar as Middle East Tensions Ease and Bond Yields Fall
ORLY,Stocks Supported as Tensions Ease in the Middle East
ORLY,Auto retail sector: Portfolio manager shares his top 2 picks
CRWD,Zscaler's Product Expansions Drive Sales: Are Margins at Risk?
CRWD,"CrowdStrike, Cloudflare Stock Cashing In As Cybersecurity Needs Grow"
CRWD,CrowdStrike (CRWD) Up 7.7% Since Last Earnings Report: Can It Continue?
CRWD,CrowdStrike’s Rally Is Splitting Wall Street. Why This Analyst Still Backs It.
CRWD,CrowdStrike Stock Hits Record High as Wedbush Calls It Industry 'Gold Standard'
CRWD,"CrowdStrike Remains 'Gold Standard' as Company in Early Stages of Multi-Growth Story, Wedbush Says"
CRWD,"Microsoft, Meta And 3 IPOs Lead This Barrage Of Breakout Stocks To Watch"
CRWD,Jim Cramer Says He Wants to “Own More Okta”
CRWD,Columbia University had data breach of student applications
CRWD,"Is Zscaler Stock a Buy, Sell or Hold at a P/S Multiple of 15.56X?"
WDAY,"Is Workday, Inc. (NASDAQ:WDAY) Trading At A 35% Discount?"
WDAY,Workday (WDAY) Fell Due to a Reduction in 2025 Revenue Guidance
WDAY,Why This 1 Growth Stock Could Be a Great Addition to Your Portfolio
WDAY,Next-gen procurement platform Levelpath nabs $55M
WDAY,Jim Cramer on Workday Stock: “I’m Worried”
WDAY,"Rain, Toku Debut Stablecoin Payrolls for Workers in Over 100 Countries"
WDAY,Lyft And 2 Additional Stocks Believed To Be Trading Below Fair Value
WDAY,US High Growth Tech Stocks To Watch In June 2025
WDAY,MetLife Broadens Upwise Reach Through Nayya and Workday Deal
WDAY,Here's Why Workday (WDAY) is a Strong Momentum Stock
NXPI,Sector Update: Tech Stocks Rise Late Afternoon
NXPI,Stocks Supported by Chip Stock Strength and Trade News
NXPI,Investing in NXP Semiconductors (NASDAQ:NXPI) five years ago would have delivered you a 108% gain
NXPI,"Nvidia, AMD, Broadcom Lead Chip Sell-Off as H2 Kicks Off"
NXPI,NXP Semiconductors’ Q2 2025 Earnings: What to Expect
NXPI,Stocks Supported by Lower Bond Yields and Speculation of Earlier Rate Cuts
NXPI,Stocks Soar as Middle East Tensions Ease and Bond Yields Fall
NXPI,Stocks Supported as Tensions Ease in the Middle East
NXPI,Stocks Rally on a Tentative Ceasefire in the Israel-Iran War
NXPI,A Look Back at Analog Semiconductors Stocks’ Q1 Earnings: NXP Semiconductors (NASDAQ:NXPI) Vs The Rest Of The Pack
AZN,"Lucid, Alibaba, AstraZeneca & Summit: Trending Tickers"
AZN,How Much of Your Portfolio Should Be in International Stocks?
AZN,AZN's Imfinzi Wins EU Nod for Muscle-Invasive Bladder Cancer
AZN,"Trending tickers: TripAdvisor, Bitmine, WolfSpeed, BYD and AstraZeneca"
AZN,Why AstraZeneca Stock Got Thumped on Thursday
AZN,Why Summit Therapeutics Stock Soared 8% Higher Today
AZN,IonQ (NYSE:IONQ) Stock Soars 92% Last Quarter Amid Market Optimism
AZN,Sector Update: Health Care Stocks Mixed Thursday Afternoon
AZN,Summit Therapeutics Stock Soars on Report of $15B AstraZeneca Partnership Talks
AZN,Top Midday Stories: June Jobs Report Tops Expectations; Olo to be Acquired by Thoma Bravo for $10.25 Per Share
PAYX,Jim Cramer Expresses Shock Over Paychex Stock’s 9% Decline
PAYX,Paychex shares recoup a bit; CEO comments about economy; analysts weigh in
PAYX,Paychex (PAYX) Slashes 9.4% on Dismal Earnings
PAYX,Here's Why Paychex (PAYX) is a Strong Growth Stock
PAYX,Morning Movers: General Mills dips following fourth quarter report
PAYX,Paychex Inc (PAYX) Q4 2025 Earnings Call Highlights: Strong Revenue Growth and Strategic ...
PAYX,PAYX Q2 Deep Dive: Integration Disruption and Macro Uncertainty Weigh on Performance
PAYX,2 S&P 500 Stocks Worth Investigating and 1 to Ignore
PAYX,"S&P 500 Gains & Losses Today: Paychex Stock Drops; Nvidia, Supermicro Rise"
PAYX,Wall Street Mixed as Traders Parse Powell's Remarks; Nvidia Hits Record High
SIRI,3 Small-Cap Stocks with Questionable Fundamentals
SIRI,RV Parks Are Going Upscale With Luxury Amenities and $1 Million Spots
SIRI,Billionaire Warren Buffett Sold 39% of Berkshire's Stake in Bank of America and Is Piling Into a Historically Cheap Legal Monopoly
SIRI,Why Sirius XM (SIRI) Outpaced the Stock Market Today
SIRI,The past three years for Sirius XM Holdings (NASDAQ:SIRI) investors has not been profitable
SIRI,Should You Forget Sirius XM? This Stock Has Made Far More Millionaires.
SIRI,This Ridiculously Cheap Warren Buffett Stock Could Make You Richer
SIRI,2 Warren Buffett Dividend Stocks to Build Your Passive Income Empire
SIRI,5 Insightful Analyst Questions From Sirius XM’s Q1 Earnings Call
SIRI,"Craig Fuller: ELP enforcement, trade wars, real wars, and freight feuds | WHAT THE TRUCK?!?"
DXCM,Is DexCom (DXCM) Stock Outpacing Its Medical Peers This Year?
DXCM,3 Reasons Growth Investors Will Love DexCom (DXCM)
DXCM,"How DexCom, Insulet, and Amedisys Might Be Affected by Medicare Cuts"
DXCM,"Why Diabetes Titans Dexcom, Tandem, Insulet Just Hit The Skids"
DXCM,"Apple AI, Wolfspeed bankruptcy, medical device stocks"
DXCM,Medical device maker stocks falls after proposed Medicare payment cuts
DXCM,2 ‘Strong Buy’ Stocks That the MAHA Movement AND Wall Street Love
DXCM,Who benefits from over-the-counter CGMs?
DXCM,Oppenheimer Reaffirms DexCom Buy Rating Amid HHS Wearables Push
DXCM,Here's Why DexCom (DXCM) is a Strong Momentum Stock
CHTR,Dealmakers Hit $1.8 Trillion as They Get Used to Trade Chaos
CHTR,Charter's Mobile Push: Margin Booster or Debt Trigger?
CHTR,Walt Disney (NYSE:DIS) Expands Hulu Access in New Charter Communications Deal
CHTR,Charter Communications (NasdaqGS:CHTR) Expands Disney Partnership Adding Hulu And AI-Powered Road Tech
CHTR,Wolfe Research Upgrades Charter Communications (CHTR) on Potential Tax Benefit
CHTR,A Fight Between Cable and Wireless Providers Means Cheaper Home Internet for You
CHTR,5 Must-Read Analyst Questions From Charter’s Q1 Earnings Call
CHTR,Why Charter Communications (CHTR) is a Top Growth Stock for the Long-Term
CHTR,Charter upgraded to Peer Perform from Underperform at Wolfe Research
CHTR,Are You a Value Investor? This 1 Stock Could Be the Perfect Pick
IDXX,"How Nancy Pelosi Nailed This AI Stock Options Trade, Plus 5 More Political Insider Picks"
IDXX,Are Medical Stocks Lagging  atai Life Sciences (ATAI) This Year?
IDXX,IDEXX Laboratories (IDXX) Price Target Hiked to $580 at Leerink Partners
IDXX,Investing in IDEXX Laboratories (NASDAQ:IDXX) five years ago would have delivered you a 66% gain
IDXX,IDEXX Laboratories (NasdaqGS:IDXX) Launches Catalyst Cortisol Test for Canine Health
IDXX,"If You Invested $1000 in Idexx Laboratories a Decade Ago, This is How Much It'd Be Worth Now"
IDXX,5 High-Flying Medical Instrument Stocks to Buy Despite Recent Turmoil
IDXX,Is IDEXX Laboratories (IDXX) Outperforming Other Medical Stocks This Year?
IDXX,Here’s Why Baron Focused Growth Fund Invested in IDEXX Laboratories (IDXX)
IDXX,Idexx Laboratories price target raised to $460 from $420 at Stifel
TEAM,2 Growth Stocks with All-Star Potential and 1 to Approach with Caution
TEAM,3 Prominent Stocks Estimated To Be Trading At Up To 38.9% Below Intrinsic Value
TEAM,3 of Wall Street’s Favorite Stocks on Our Buy List
TEAM,1 Unprofitable Stock with Exciting Potential and 2 to Brush Off
TEAM,5 Revealing Analyst Questions From Atlassian’s Q1 Earnings Call
TEAM,Brad Pitt's F1 racing movie debuts. Can it help bring the sport to new heights?
TEAM,"Mizuho Trims Atlassian (TEAM) Price Target, Maintains Buy Rating"
TEAM,AI Titans Flex Clout to Leverage Tax Bill to Override State Laws
TEAM,Insider-Favored Growth Companies To Watch In June 2025
TEAM,2 Software Stocks with Competitive Advantages and 1 to Ignore
BIIB,Ionis Pharmaceuticals (IONS) Moves 9.1% Higher: Will This Strength Last?
BIIB,Biogen Begins Phase III Felzartamab Study for Third Kidney Disease
BIIB,3 Reasons BIIB is Risky and 1 Stock to Buy Instead
BIIB,AbbVie to buy Capstan for up to $2.1 billion in immunology push
BIIB,RBC says Lilly could blaze trail and Biogen could pull ahead in Alzheimer’s market
BIIB,Biogen highlights ‘promising’ results for higher-dose nusinersen in SMA trials
BIIB,Biogen Advances Once-Yearly SMA Therapy Salanersen to Phase 3 After Positive Phase 1 Results
BIIB,5 Revealing Analyst Questions From Biogen’s Q1 Earnings Call
BIIB,Biogen’s Friedreich’s Ataxia Campaigns Earn 4 Cannes Lions Pharma Nominations
BIIB,Can Biogen Save Even More Kids With This New Drug?
MRNA,Moderna (NasdaqGS:MRNA) Joins Russell Midcap Indices In Late June 2025
MRNA,Robert F. Kennedy Jr. Just Did The Unexpected. He Helped Moderna.
MRNA,MRNA Stock Jumps on CDC's Revised RSV Vaccine Recommendations
MRNA,"Kennedy Expands RSV Vaccine Recommendations. Moderna, Pfizer Shares Are Up."
MRNA,Moderna Stock Gains on Encouraging Flu Vaccine Data
MRNA,Did Down-And-Out Moderna Just Unlock The Key To Its Future Profitability?
MRNA,Sector Update: Health Care Stocks Higher Late Afternoon
MRNA,Sector Update: Health Care Stocks Advance Monday Afternoon
MRNA,Moderna’s mRNA flu shot outperforms current standard at Phase III
MRNA,Moderna Stock Is Climbing on Trial Data. A Flu-Covid Vaccine Isn’t a Sure Thing.
CEG,Is CEG Redefining Clean Energy With Customer-Focused Innovation?
CEG,Jim Cramer on NRG: “Wall Street Loves the Fact That They’re Doubling Down on Power Generation”
CEG,Constellation Energy (CEG) Stock Gains as New York Plans New Nuclear Plant
CEG,Constellation Energy Corporation (CEG) Falls More Steeply Than Broader Market: What Investors Need to Know
CEG,Dow Climbs 500 Points After Senate Passes Tax Bill
CEG,Why the Dow Is Crushing the S&P 500 and Nasdaq
CEG,Surging Clean Energy Demand Sparks Renewed Focus on Nuclear Stocks
CEG,Constellation Energy Corporation (CEG) Is a Trending Stock: Facts to Know Before Betting on It
CEG,Dealmakers Hit $1.8 Trillion as They Get Used to Trade Chaos
CEG,Jim Cramer Calls AMD a “Semi-Meaningful Competitor” to NVIDIA
VRSK,"At US$301, Is It Time To Put Verisk Analytics, Inc. (NASDAQ:VRSK) On Your Watch List?"
VRSK,Will Verisk Analytics (VRSK) Benefit from Its Defensive Qualities?
VRSK,Here's Why Verisk Analytics (VRSK) is a Strong Growth Stock
VRSK,"Verisk Analytics, Inc. (VRSK): A Bull Case Theory"
VRSK,Here's Why You Should Retain Verisk Stock in Your Portfolio Now
VRSK,Q1 Earnings Roundup: Verisk (NASDAQ:VRSK) And The Rest Of The Data & Business Process Services Segment
VRSK,VRSK Q1 Earnings Call: Product Innovation and Subscription Growth Support Full-Year Outlook
VRSK,1 High-Flying Stock with Competitive Advantages and 2 to Turn Down
VRSK,Why Verisk Analytics (VRSK) is a Top Momentum Stock for the Long-Term
VRSK,2 Large-Cap Stocks with Competitive Advantages and 1 to Approach with Caution
ZS,Zscaler's Product Expansions Drive Sales: Are Margins at Risk?
ZS,"CrowdStrike, Cloudflare Stock Cashing In As Cybersecurity Needs Grow"
ZS,CrowdStrike’s Rally Is Splitting Wall Street. Why This Analyst Still Backs It.
ZS,These Are The 5 Best Stocks To Buy Now Or Watch
ZS,2 Reasons to Like ZS (and 1 Not So Much)
ZS,"Is Zscaler Stock a Buy, Sell or Hold at a P/S Multiple of 15.56X?"
ZS,Gorilla Technology Taps $105M to Support Bid Bonds & Growth Plans
ZS,"Zscaler Stock Climbs 70%, With An Opportunity To Buy More"
ZS,These 5 Stocks Will Replace Your Job
ZS,Stocks See Support as Signs of Trade Progress Boost Market Sentiment
DLTR,Bernstein Raises Dollar Tree Price Target Amid Strong Q1 Sales Beat
DLTR,ROST vs. DLTR: Which Retail-Discount Stock is the Better Buy Now?
DLTR,"Target Stock Falls 28% in 6 Months: Time to Buy, Hold or Sell?"
DLTR,"What the $1 trillion rural wallet means for Walmart, Amazon"
DLTR,My 3 Favorite Stocks to Buy Right Now
DLTR,Dollar Tree Stock Is Soaring. Is This the Time to Buy?
DLTR,How Much You’d Have If You Invested $1K in Dollar Tree Stock 10 Years Ago
DLTR,"Wells Fargo Stays Overweight on Dollar Tree, Keeps $105 Target"
DLTR,8 High-Quality Dollar Tree Items To Buy Now
DLTR,"Dollar Tree, Inc. (DLTR) Might Be Wrong About Consumer Spending, Says Jim Cramer"
AEP,Why American Electric Power (AEP) is a Top Momentum Stock for the Long-Term
AEP,"Power Demand For Data Centers, AI Fuels 870% Rally For Quanta Services"
AEP,Here's Why American Electric Power (AEP) is a Strong Growth Stock
AEP,American Electric to Gain From Investments and Renewable Expansion
AEP,American Electric Power Strengthens Dividend Potential with New Investment Deal
AEP,"PUCO Approvals Relieve Bloom Energy of The Regulatory Burden, Says Morgan Stanley"
AEP,Leadership Changes Announced At American Electric Power Company (NasdaqGS:AEP) To Support Long-Term Strategy
AEP,American Electric to recover $1.5B from insurers
AEP,"American Electric Power Company, Inc. (NASDAQ:AEP) is largely controlled by institutional shareholders who own 84% of the company"
AEP,Trump Unveils Plan to Scrap Power Plant Pollution Controls
CTAS,3 Reasons Why Cintas (CTAS) Is a Great Growth Stock
CTAS,"Nike upgraded, Sportradar initiated: Wall Street’s top analyst calls"
CTAS,Cintas (NasdaqGS:CTAS) Removed From Three Russell Value Indexes
CTAS,What You Need to Know Ahead of Cintas’ Earnings Release
CTAS,Concentrix Corporation (CNXC) Q2 Earnings Miss Estimates
CTAS,Is Cintas (CTAS) Stock Outpacing Its Business Services Peers This Year?
CTAS,5 Stocks to Buy Amid Growing Strength in the Business Services Sector
CTAS,Cintas price target raised to $240 from $215 at RBC Capital
CTAS,2 Unpopular Stocks that Deserve a Second Chance and 1 to Be Wary Of
CTAS,Jim Cramer Says Cintas (CTAS) Stock Being “Up Here” is a “Terrific Sign”
ODFL,Earnings Preview: What to Expect From Old Dominion’s Report
ODFL,3 Reasons to Sell ODFL and 1 Stock to Buy Instead
ODFL,Old Dominion Freight Line (NASDAQ:ODFL) Could Become A Multi-Bagger
ODFL,"Old Dominion Freight Line, Inc. (NASDAQ:ODFL) institutional owners may be pleased with recent gains after 6.8% loss over the past year"
ODFL,"Old Dominion Freight Line, Inc. (ODFL): A Bull Case Theory"
ODFL,"Is Weakness In Old Dominion Freight Line, Inc. (NASDAQ:ODFL) Stock A Sign That The Market Could be Wrong Given Its Strong Financial Prospects?"
ODFL,Are Options Traders Betting on a Big Move in Old Dominion Stock?
ODFL,The Top 5 Analyst Questions From Old Dominion Freight Line’s Q1 Earnings Call
ODFL,Should Investors Retain ODFL Stock Despite its Higher Valuation?
ODFL,1 Nasdaq 100 Stock on Our Buy List and 2 to Ignore
ANSS,"Cadence, Synopsys Jump After China Export Curbs Lifted"
ANSS,Chip design software firms climb as US lifts curbs on China exports
ANSS,Why Shares in Synopsys Popped Higher Today
ANSS,ANSYS (ANSS)- Synopsys $35B Merger Hits Snag in China
ANSS,ANSS Simulation Solutions Used by Wingcopter to Boost  Drone Designs
ANSS,Market Chatter: Synopsys-Ansys Deal Approval Postponed by China Antitrust Regulator
ANSS,"ANSS, Turbotech Team Up to Fuel a Hydrogen-Powered Future in Aviation"
ANSS,Ansys (ANSS) Up 2.8% Since Last Earnings Report: Can It Continue?
ANSS,Are You a Momentum Investor? This 1 Stock Could Be the Perfect Pick
ANSS,Synopsys (SNPS) Moves Ahead in Ansys Merger After FTC Divestiture Order
PCAR,Paccar (PCAR) Stock Falls Amid Market Uptick: What Investors Need to Know
PCAR,Paccar (PCAR) Rises Higher Than Market: Key Facts
PCAR,PACCAR’s Q2 2025 Earnings: What to Expect
PCAR,Paccar (PCAR) Outperforms Broader Market: What You Need to Know
PCAR,The 5 Most Interesting Analyst Questions From PACCAR’s Q1 Earnings Call
PCAR,3 Reasons PCAR is Risky and 1 Stock to Buy Instead
PCAR,Paccar (PCAR) Falls More Steeply Than Broader Market: What Investors Need to Know
PCAR,Implied Volatility Surging for PACCAR Stock Options
PCAR,Why Is Ford Motor (F) Down 2.4% Since Last Earnings Report?
PCAR,2 Cash-Heavy Stocks for Long-Term Investors and 1 to Be Wary Of
FAST,DMC Global (BOOM) Surges 12.4%: Is This an Indication of Further Gains?
FAST,Fastenal’s Quarterly Earnings Preview: What You Need to Know
FAST,"Better Stock-Split Stock: Fastenal, O'Reilly Automotive, or Interactive Brokers?"
FAST,2 High-Flying Stocks with Competitive Advantages and 1 to Keep Off Your Radar
FAST,Fastenal Company (FAST): A Bull Case Theory
FAST,2 Industrials Stocks Worth Investigating and 1 to Approach with Caution
FAST,Wall Street's Newest Stock-Split Stock -- an $85 Billion Colossus That's Been Unstoppable for 3 Years -- Has Arrived
FAST,5 Insightful Analyst Questions From Fastenal’s Q1 Earnings Call
FAST,"Fastenal Company's (NASDAQ:FAST) large institutional owners must be happy as stock continues to impress, up 3.7% over the past week"
FAST,Stock-Split History Is Being Made Next Week by an Industry-Leading Company That's Gained 400% in Just Over 5 Years
CSGP,CoStar Group (NasdaqGS:CSGP) Elevates Leadership To Drive European Expansion
CSGP,What to Expect From CoStar Group's Q2 2025 Earnings Report
CSGP,"Zillow and Rocket Stocks Could Surge, Despite the Housing Slump"
CSGP,5 Insightful Analyst Questions From CoStar’s Q1 Earnings Call
CSGP,Data & Business Process Services Stocks Q1 In Review: CoStar (NASDAQ:CSGP) Vs Peers
CSGP,"CoStar Group, Inc. (CSGP): A Bull Case Theory"
CSGP,"CoStar Group, Inc.'s (NASDAQ:CSGP) Has Performed Well But Fundamentals Look Varied: Is There A Clear Direction For The Stock?"
CSGP,"CoStar (CSGP): Buy, Sell, or Hold Post Q1 Earnings?"
CSGP,3 High-Flying Stocks Skating on Thin Ice
CSGP,Amdocs (DOX) Down 1.7% Since Last Earnings Report: Can It Rebound?
CDW,Investing in CDW (NASDAQ:CDW) five years ago would have delivered you a 61% gain
CDW,Why CDW (CDW) is a Top Value Stock for the Long-Term
CDW,3 of Wall Street’s Favorite Stocks with Mounting Challenges
CDW,Is CDW Corporation (NASDAQ:CDW) A High Quality Stock To Own?
CDW,Here's Why CDW (CDW) is a Strong Value Stock
CDW,IT Distribution & Solutions Stocks Q1 Highlights: CDW (NASDAQ:CDW)
CDW,Government Contractors Temper Outlooks
CDW,"Applied Digital & CoreWeave, Dell, solar stocks: Trending Tickers"
CDW,"Dell, CDW Stocks Drop After White House Targets Tech Contractors for Savings"
CDW,Trump Administration Targets Tech Firms as It Cuts More Contracts
ALGN,Align Technology's Quarterly Earnings Preview: What You Need to Know
ALGN,ALGN vs. SAUHY: Which Stock Is the Better Value Option?
ALGN,Zacks Investment Ideas feature highlights: Align Technology and Chipotle Mexican Grill
ALGN,Reasons to Add Align Technology Stock to Your Portfolio Now
ALGN,"Align Technology, Inc. (ALGN): A Bull Case Theory"
ALGN,How Is Hologic’s Stock Performance Compared to Other Health Care Equipment Stocks?
ALGN,Align Technology Stock: Is ALGN Underperforming the Healthcare Sector?
ALGN,3 Reasons ALGN is Risky and 1 Stock to Buy Instead
ALGN,Dental Equipment & Technology Stocks Q1 Highlights: Henry Schein (NASDAQ:HSIC)
ALGN,3 S&P 500 Stocks Walking a Fine Line
MTCH,5 Must-Read Analyst Questions From Match Group’s Q1 Earnings Call
MTCH,"The Score: Bumble, Tesla, Shell and More Stocks That Defined the Week"
MTCH,Here's Why Match Group (MTCH) is a Strong Momentum Stock
MTCH,Bumble Stock Soars 25% as Layoffs Signal Cost Discipline
MTCH,Bumble Swipes Left on a Third of Its Workforce
MTCH,Bumble Cuts 30% of Staff as Online Dating Hits ‘Inflection Point’
MTCH,Online Dating Is On the Outs. This App Is Breaking Up With 30% of Its Workforce.
MTCH,The five-year loss for Match Group (NASDAQ:MTCH) shareholders likely driven by its shrinking earnings
MTCH,Here's Why Match Group (MTCH) is a Strong Growth Stock
MTCH,2 Internet Stocks on Our Watchlist and 1 to Turn Down
CPRT,What Makes Copart (CPRT) a Lucrative Investment?
CPRT,1 Oversold Stock Set for a Comeback and 2 to Question
CPRT,"Declining Stock and Solid Fundamentals: Is The Market Wrong About Copart, Inc. (NASDAQ:CPRT)?"
CPRT,Those who invested in Copart (NASDAQ:CPRT) five years ago are up 130%
CPRT,Is It Worth Investing in Copart (CPRT) Based on Wall Street's Bullish Views?
CPRT,2 Profitable Stocks Worth Your Attention and 1 to Think Twice About
CPRT,3 Reasons CPRT Has Explosive Upside Potential
CPRT,Big Profit Stocks on Sale: 3 Picks at Yearly Lows.
CPRT,3 Magnificent S&P 500 Stocks Down Between 16% and 21% to Buy on the Dip
CPRT,These Were the 2 Worst-Performing Stocks in the Nasdaq-100 in May 2025
BKR,Waygate introduces Krautkrämer WheelStar RPS to automate train wheel inspections
BKR,US Oil Drillers Continue to Back Off On Price Slump
BKR,"US drillers cut oil and gas rigs for 10th week in a row, Baker Hughes says"
BKR,Here's Why We Think Baker Hughes (NASDAQ:BKR) Might Deserve Your Attention Today
BKR,Baker Hughes Earnings Preview: What to Expect
BKR,"U.S. Crude Oil Production to Fall in Coming Months on Less Drilling, Commerzbank Says"
BKR,"Baker Hughes (BKR), Cactus Subsidiary Launch Joint Venture to Expand Global SPC Reach"
BKR,Baker Hughes' (NASDAQ:BKR) investors will be pleased with their splendid 184% return over the last five years
BKR,Oil Rig Count Falls by 6; Crude Set for Sharp Weekly Decline
BKR,US Oil Drilling Activity Slumps As Volatile Prices Spook Markets
GEHC,GE HealthCare’s Vizamyl Receives Expanded FDA Approval for Quantitative Alzheimer’s Amyloid Detection
GEHC,"Q1 Medical Devices & Supplies - Imaging, Diagnostics Earnings: GE HealthCare (NASDAQ:GEHC) Earns Top Marks"
GEHC,5 Insightful Analyst Questions From GE HealthCare’s Q1 Earnings Call
GEHC,The GE Stocks Are Worth Owning for Their Dividends Again
GEHC,GE HealthCare Technologies (NasdaqGS:GEHC) Board Confirms US$0.04 Dividend for Q2 2025
GEHC,GE HealthCare Technologies Inc.'s (NASDAQ:GEHC) Intrinsic Value Is Potentially 48% Above Its Share Price
GEHC,SNN vs. GEHC: Which Stock Is the Better Value Option?
GEHC,GEHC Stock Gains Post FDA's Nod for Vizamyl's Expanded Indications
GEHC,The 5 Most Interesting Analyst Questions From GE HealthCare’s Q1 Earnings Call
GEHC,Sector Update: Health Care Stocks Advance Late Afternoon
LCID,"Lucid, Alibaba, AstraZeneca & Summit: Trending Tickers"
LCID,"These Stocks Moved the Most Today: Tesla, Lucid, Datadog, Nvidia, Synopsys, Tripadvisor, Olo, and More"
LCID,Lucid Posts Record Deliveries. The EV Maker Is Having a Big Year.
LCID,Lucid Group (NasdaqGS:LCID) Releases Q2 2025 Production And Delivery Figures
LCID,Why Lucid (LCID) Stock Is Up Today
LCID,Why Lucid Group Stock Is Jumping Today
LCID,"Rivian, Lucid to Benefit From Trump Tax Bill, BNP Paribas Says"
LCID,"Stocks to Watch Thursday: Datadog, Synopsys, Tripadvisor"
LCID,Lucid Group Vehicle Deliveries Rise
LCID,Lucid Group (LCID) Falls More Steeply Than Broader Market: What Investors Need to Know
FANG,"Do Fundamentals Have Any Role To Play In Driving Diamondback Energy, Inc.'s (NASDAQ:FANG) Stock Up Recently?"
FANG,Diamondback Energy (FANG) Exceeds Market Returns: Some Facts to Consider
FANG,"All It Takes Is $2,000 Invested in Each of These 3 Dividend-Paying Energy Stocks to Help Generate Over $300 in Passive Income per Year"
FANG,Wall Street Analysts Have Given the Most Buy Ratings Since 2022. It’s a Sign.
FANG,Prediction: These 3 High-Yield Oil Companies Just Secretly Moved to Secure Their Dividends
FANG,Diamondback Energy (FANG) Surpasses Market Returns: Some Facts Worth Knowing
FANG,Stocks Soar as Middle East Tensions Ease and Bond Yields Fall
FANG,Stocks Rally on Hopes of De-Escalation of Hostilities in the Middle East
FANG,Stocks Climb on Strong US Economic Reports and Dovish Fed Comments
FANG,Diamondback Energy Extends Credit Agreement and Raises Dividend
TTD,Here’s Why The Trade Desk (TTD) Traded Down in Q1
TTD,"The Trade Desk, HOY Expand Partnership to Boost Programmatic CTV Advertising in Hong Kong"
TTD,"TBLA Stock Rises 37% in 3 Months, Outperforms Industry: Time to Buy?"
TTD,The 5 Most Interesting Analyst Questions From The Trade Desk’s Q1 Earnings Call
TTD,3 Stocks That May Be Undervalued By Up To 43.4% According To Intrinsic Value Estimates
TTD,The Trade Desk (TTD) Ascends While Market Falls: Some Facts to Note
TTD,"Citi sees upside for Trade Desk into Q2 results, adds on a catalyst watch"
TTD,"Stocks making big moves yesterday: The Trade Desk, GMS, First Solar, Robinhood, and Magnite"
TTD,Is The Trade Desk's Comeback Enough to Justify a Premium?
TTD,1 Cash-Producing Stock with Impressive Fundamentals and 2 to Be Wary Of
VERI,The past five years for Veritone (NASDAQ:VERI) investors has not been profitable
VERI,"Veritone Revises Q2 Outlook, Announces Restructuring; Shares Up Pre-Bell"
VERI,SoundHound vs. Veritone: Which AI Voice Stock Is the Better Buy Now?
VERI,Veritone Inc (VERI) Q1 2025 Earnings Call Highlights: Navigating Revenue Declines and Strategic ...
VERI,"Veritone, Inc. (VERI) Reports Q1 Loss, Misses Revenue Estimates"
VERI,"Veritone, Inc. (VERI) Among Best AI Penny Stocks to Buy According to This Indicator"
VERI,Is Veritone Inc. (NASDAQ:VERI) the Most Popular AI Penny Stock to Buy Under $5?
VERI,"Veritone Full Year 2024 Earnings: EPS Beats Expectations, Revenues Lag"
VERI,Veritone Inc (VERI) Q4 2024 Earnings Call Highlights: Navigating Challenges with Strategic ...
VERI,"Veritone, Inc.'s (NASDAQ:VERI) largest shareholders are retail investors with 57% ownership, institutions own 25%"
BIDU,Alibaba Raises $1.5 Billion From Sale of Exchangeable Bonds
BIDU,Baidu (BIDU) Appoints Haijian He as CFO to Steer Financial Growth
BIDU,Alibaba (BABA) Faces Heat as Baidu Open-Sources Ernie AI Model
BIDU,Baidu (NasdaqGS:BIDU) Appoints New CFO And Announces Executive Role Changes
BIDU,Baidu Reinvents Search with AI and Voice
BIDU,"Apple, Alphabet and Tesla are Holding the S&P 500 Rally Back"
BIDU,This Chinese Stock Just Launched Something That Could Be Even Bigger and More Powerful Than DeepSeek
BIDU,China’s Baidu (BIDU) Just Shook Up Open-Source AI—Here’s How
BIDU,Baidu appoints Haijian He as CFO
BIDU,Inside Baidu's Open-Source AI Push
ZBRA,Warehouse Automation Trend Is Positive For These Stocks
ZBRA,Reasons Why You Should Avoid Betting on Zebra Technologies Now
ZBRA,Is Zebra Technologies Stock Underperforming the Dow?
ZBRA,The Top 5 Analyst Questions From Zebra’s Q1 Earnings Call
ZBRA,Zebra Technologies Unveils EM45 Android-Based Enterprise Mobile Computer
ZBRA,Returns On Capital At Zebra Technologies (NASDAQ:ZBRA) Paint A Concerning Picture
ZBRA,3 Profitable Stocks with Questionable Fundamentals
ZBRA,3 Cash-Producing Stocks Walking a Fine Line
ZBRA,1 Mid-Cap Stock with Exciting Potential and 2 to Avoid
ZBRA,1 Mooning  Stock with Exciting Potential and 2 to Be Wary Of
SPLK,"Before Top Stocks Usher In The Golden Sell Rule, Here's When To Cut Losses Faster"
OKTA,Zscaler's Product Expansions Drive Sales: Are Margins at Risk?
OKTA,2 Mid-Cap Stocks Worth Your Attention and 1 to Brush Off
OKTA,Okta Eyes 15% Revenue CAGR by FY26: What's the Upside Potential?
OKTA,Palo Alto Networks vs. Okta: Which Cybersecurity Stock is a Smart Buy?
OKTA,"Okta, Inc. (OKTA) is Attracting Investor Attention: Here is What You Should Know"
OKTA,Jim Cramer Says He Wants to “Own More Okta”
OKTA,"Okta, Inc (OKTA) Introduces a New Protocol Called The Cross App Access"
OKTA,"Oppenheimer Raises Okta (OKTA) Price Target, Maintains Outperform Rating"
OKTA,Okta (NasdaqGS:OKTA) Board Reduces Size as Benjamin Horowitz Steps Down
OKTA,3 Volatile Stocks in the Doghouse
ON,ON Semiconductor Corp. (ON) Beats Stock Market Upswing: What Investors Need to Know
ON,Stocks Supported by Chip Stock Strength and Trade News
ON,ON Semiconductor Corporation (ON) Is a Trending Stock: Facts to Know Before Betting on It
ON,"Nvidia, AMD, Broadcom Lead Chip Sell-Off as H2 Kicks Off"
ON,Those who invested in ON Semiconductor (NASDAQ:ON) five years ago are up 176%
ON,ON Semiconductor Corp. (ON) Stock Dips While Market Gains: Key Facts
ON,1 Semiconductor Stock for Long-Term Investors and 2 to Ignore
ON,onsemi’s Q1 Earnings Call: Our Top 5 Analyst Questions
ON,Here’s How Tariff Policy Impacted ON Semiconductor (ON)
ON,ON Semiconductor Corp. (ON) Outperforms Broader Market: What You Need to Know
GFS,Is Now The Time To Look At Buying GlobalFoundries Inc. (NASDAQ:GFS)?
GFS,"Nvidia, AMD, Broadcom Lead Chip Sell-Off as H2 Kicks Off"
GFS,Continental’s automotive group creates semiconductor unit
GFS,Stocks Soar as Middle East Tensions Ease and Bond Yields Fall
GFS,SKYT's Fab-25 Buyout to Aid Wafer Services: What's the Path Forward?
GFS,Stocks Supported as Tensions Ease in the Middle East
GFS,Stocks Rally on a Tentative Ceasefire in the Israel-Iran War
GFS,Continental Creates New Semiconductor Business
GFS,Stocks Erase Early Gains on Weakness in Chip Makers
GFS,Nvidia Stock Stalls. The Chip Focus Moves to Congress.
RIVN,Lucid Posts Record Deliveries. The EV Maker Is Having a Big Year.
RIVN,Why Lucid (LCID) Stock Is Up Today
RIVN,Rivian's Q2 Deliveries Dip Amid Shift to 2026 Model-Year Vehicles
RIVN,"Rivian, Lucid to Benefit From Trump Tax Bill, BNP Paribas Says"
RIVN,Rivian (RIVN) Dips as Q2 Production Misses the Mark
RIVN,Tesla sales continue to slide amid competition and backlash against Elon Musk
RIVN,Rivian Stock Drops on Sales Decline. The Stakes Are High for the Rest of 2025.
RIVN,"These Stocks Moved the Most Today: Tesla, Centene, Apple, Adobe, Rigetti Computing, Greenbrier, and More"
RIVN,"Rivian Q2 sales fall 23%, but EV maker sticks to 2025 forecast of at least 40,000 vehicles"
RIVN,Rivian Automotive (NasdaqGS:RIVN) Reports Q2 Production Figures and Reaffirms 2025 Guidance
META,5 tech stock picks for the second half of 2025: Dan Ives
META,"Meta upgraded, PNC Financial downgraded: Wall Street’s top analyst calls"
META,"A Modern-Day Plague: Infostealers Expose Billions Of Log-In Credentials, Compromising Digital Safety"
META,EU says it will continue rolling out AI legislation on schedule
META,The first big winners in the race to create AI superintelligence: the humans getting multi-million dollar pay packages
META,Jim Cramer Says “Meta is a Ridiculously Cheap Stock”
META,Jim Cramer Says “NVIDIA’s Artificial Intelligence Chips Remain Unrivaled”
META,Jim Cramer Notes “Microsoft Doesn’t Miss More Than Once”
META,Meta Launches “Superintelligence Labs” to Accelerate Personal AGI Development
META,"Microsoft Unveils MAI-DxO, AI System Outperforming Human Doctors in Disease Diagnosis"
NTES,"Zacks.com featured highlights include Agnico Eagle Mines, NetEase, Qifu Technology, UGI and McKesson"
NTES,Pony AI Stock Jumps as Uber Partner Added to China-Tracking Nasdaq Index
NTES,Tencent Music Shares Double on Break From China Price Cut Script
NTES,"Sea Limited Rises 46% Year to Date: Buy, Sell or Hold the Stock?"
NTES,NetEase and Steven Madden have been highlighted as Zacks Bull and Bear of the Day
NTES,Bull of the Day: NetEase (NTES)
NTES,Is NetEase (NTES) Outperforming Other Computer and Technology Stocks This Year?
NTES,Seeking China Exposure? Use This Zacks Screen
NTES,Want Outperformance? These 5 Stocks Show Relative Strength
NTES,4 Stocks From the Tech Industry of China to Keep an Eye On in 2H25
TSLA,"Taxes, energy, and healthcare: 3 ways that Trump's megabill impacts the business world"
TSLA,5 tech stock picks for the second half of 2025: Dan Ives
TSLA,"Dow Jones Futures Fall, U.S. Markets Shut; Tesla Rival Uber Leads 5 Stocks In Buy Zones"
TSLA,"Tesla ‘very strong’ June ‘looks like an aberration,’ says HSBC"
TSLA,Expert Who Predicted Tesla Stock Crash Reconsiders — Bitcoin and 3 More Factors To Watch
TSLA,UK's best-selling cars revealed
TSLA,"The Week in Numbers: tariff deadline, Tesla troubles"
TSLA,Latest News In Electric Vehicles - Revolutionizing Transportation The Future of eVTOL Vehicles
TSLA,Elon Musk Lost to Trump. He Can’t Get Over It.
TSLA,Jim Cramer on Tesla: “Total Dice Roll”
JD,"Investors Heavily Search JD.com, Inc. (JD): Here is What You Need to Know"
JD,"Jefferies Cuts JD.com (JD) Price Target, Cites Growth in Food Delivery but Earnings Risk"
JD,The past three years for JD.com (NASDAQ:JD) investors has not been profitable
JD,Alibaba Offers $7 Billion of Subsidies to Defend Turf in China
JD,Stablecoin Push Gains Ground in China in New Challenge to US
JD,"JD.com, Inc. (JD) Stock Declines While Market Improves: Some Information for Investors"
JD,"Jefferies trims China tech targets but stays positive on Alibaba, Meituan and JD"
JD,We Like These Underlying Return On Capital Trends At JD.com (NASDAQ:JD)
JD,Is JD.com (JD) a Buy as Wall Street Analysts Look Optimistic?
JD,"JD.com (JD) Launches Zero-Commission Hotel Program, Disrupting Travel Sector"
ZM,Zoom Communications (ZM) Outperforms Broader Market: What You Need to Know
ZM,Is There An Opportunity With Zoom Communications Inc.'s (NASDAQ:ZM) 36% Undervaluation?
ZM,Zoom (ZM) Expands Phone Service Across India’s Key Business Hubs
ZM,Marvell Technology and 4 Other Stocks That Can Catch Up to the Momentum Market
ZM,Zoom Communications Stock Sees IBD RS Rating Improve To 73
ZM,Why Zoom Communications (ZM) Outpaced the Stock Market Today
ZM,Microsoft and Nvidia Are the Winners in Survey of Big Tech Spenders
ZM,Mystery $33 Billion Medicine Fortune Collapses in Days
ZM,1 Software Stock to Research Further and 2 to Ignore
ZM,"Investors Heavily Search Zoom Communications, Inc. (ZM): Here is What You Need to Know"
DOCU,Here is What to Know Beyond Why Docusign Inc. (DOCU) is a Trending Stock
DOCU,DocuSign (NASDAQ:DOCU) investors are sitting on a loss of 61% if they invested five years ago
DOCU,1 Mid-Cap Stock with Exciting Potential and 2 to Ignore
DOCU,Jim Cramer on DocuSign Stock: “It’s Time to Sell”
DOCU,Billionaire Stanley Druckenmiller Loaded Up on These 3 Stocks. Are They Buys?
DOCU,Better Cloud Stock: Docusign vs. Confluent
DOCU,"DocuSign Misses Billings Targets, RBC Maintains Price Target Despite Weak Outlook"
DOCU,"Wells Fargo Upgrades DocuSign (DOCU) Stock, Raises PT"
DOCU,DocuSign (NasdaqGS:DOCU) Partners With Guidewire To Enhance Insurer Efficiency Globally
DOCU,1 Magnificent Growth Stock Down 75% to Buy Hand Over Fist in June
DDOG,Latest News In Cloud AI - Healthcare Embraces GenAI Amid Infrastructure Challenges
DDOG,"Datadog Earns Forbes Global 2000 Spot, Unveils New AI, Observability Features at DASH 2025"
DDOG,Datadog's S&P 500 Debut Is a Big Deal
DDOG,Datadog Surges on News of S&P 500 Inclusion
DDOG,"These Stocks Moved the Most Today: Tesla, Lucid, Datadog, Nvidia, Synopsys, Tripadvisor, Olo, and More"
DDOG,"S&P 500, Nasdaq Stretch Record Closing Runs After Jobs Report"
DDOG,"Dear Datadog Stock Fans, Mark Your Calendars for July 9"
DDOG,"Datadog (DDOG) Shares Skyrocket, What You Need To Know"
DDOG,Robinhood Stock Is Falling After S&P 500 Snub. Why That’s Shortsighted.
DDOG,Datadog’s S&P 500 Debut Sends Shares Higher. Should You Buy DDOG Stock?
SNPS,Trump tariffs live updates: Trump set to impose tariffs of up to 70% in letter push as July 9 deadline looms
SNPS,"S&P 500, Nasdaq clinch records for third time this week as optimism sweeps Wall Street"
SNPS,Synopsys (SNPS) Is Considered a Good Investment by Brokers: Is That True?
SNPS,US eases chip software export rules to China
SNPS,US lifts chip design software curbs against China following London trade talks
SNPS,How Should You Play CDNS Stock as US Lifts Export Restrictions on Cadence Design Systems?
SNPS,"These Stocks Moved the Most Today: Tesla, Lucid, Datadog, Nvidia, Synopsys, Tripadvisor, Olo, and More"
SNPS,"S&P 500, Nasdaq Stretch Record Closing Runs After Jobs Report"
SNPS,"Cadence, Synopsys Jump After China Export Curbs Lifted"
SNPS,Equity Markets Close Higher After Better-Than-Expected Jobs Data
PDD,PDD Holdings Inc. Sponsored ADR (PDD) Stock Sinks As Market Gains: What You Should Know
PDD,MELI vs. PDD: Which E-Commerce Stock Has More Upside Potential?
PDD,Is the Options Market Predicting a Spike in PDD Holdings Stock?
PDD,Alibaba Offers $7 Billion of Subsidies to Defend Turf in China
PDD,Trump's Tariff Tsunami Just Crushed Temu and Shein--Here's Where They're Fleeing Next
PDD,Morgan Stanley says Temu demand hit by ongoing policy changes
PDD,Brokers Suggest Investing in PDD Holdings Inc. Sponsored ADR (PDD): Read This Before Placing a Bet
PDD,Temu's U.S. Collapse: From Super Bowl Stardom to Sales Freefall in Just Months
PDD,PDD slips on report that Temu U.S. sales plunged 25%
PDD,Technical Outlook Favors Tactical Options Strategy on PDD Holdings Stock (PDD)
MDB,3 of Wall Street’s Favorite Stocks Facing Headwinds
MDB,What Makes Atlas the Core Driver of MongoDB's Revenue Growth?
MDB,3 Volatile Stocks in the Doghouse
MDB,"Cantor Fitzgerald Maintains Price Target on MongoDB, Sees Atlas Usage Rebound"
MDB,MongoDB Trades at a P/S of 7.08X: Should You Still Buy MDB Stock?
MDB,Wall Street Analysts See a 34.26% Upside in MongoDB (MDB): Can the Stock Really Move This High?
MDB,MongoDB (MDB) Is Considered a Good Investment by Brokers: Is That True?
MDB,MongoDB (NASDAQ:MDB) shareholders have endured a 25% loss from investing in the stock three years ago
MDB,"Macquarie Raises MongoDB (MDB) Price Target, Maintains Neutral Rating"
MDB,"Cohesity Enhances MongoDB Data Protection, Delivers Faster Recovery, Enhanced Cyber Resilience"
CHKP,Why Check Point Software (CHKP) is a Top Growth Stock for the Long-Term
CHKP,AI Is Fueling Mergers. Here Are 2 That Make Sense.
CHKP,What Makes FortiGate the Core Driver of Fortinet's Product Growth?
CHKP,Returns On Capital At Check Point Software Technologies (NASDAQ:CHKP) Have Stalled
CHKP,Check Point Software Technologies Ltd (CHKP) Target Price Hiked at Mizuho to $240
CHKP,Here's Why Check Point Software (CHKP) is a Strong Growth Stock
CHKP,Check Point Software Technologies' (NASDAQ:CHKP) investors will be pleased with their strong 109% return over the last five years
CHKP,Check Point announces advancements to Quantum Force Security Gateways
CHKP,Check Point launches next generation Quantum Smart-1 Management Appliances
CHKP,"TD Cowen Reaffirms Buy on Check Point (CHKP), Highlights Veriti Acquisition"
XEL,Xcel Energy price target lowered to $77 from $78 at Morgan Stanley
XEL,Can CEG's Nuclear Power Keep Up With AI-Driven Data Center Demand?
XEL,A Note On Xcel Energy Inc.'s (NASDAQ:XEL) ROE and Debt To Equity
XEL,Xcel Energy Stock Powers Ahead With A Bright Future
XEL,Xcel Energy Raises Dividend Amid Strong Growth and Expanding Power Demand
XEL,Xcel Energy (NasdaqGS:XEL) Declares Quarterly Dividend of US$0.57 Per Share
XEL,Xcel Energy (NASDAQ:XEL) Has Some Way To Go To Become A Multi-Bagger
XEL,Xcel Energy Inc. (XEL): Among the Best Stocks to Buy During Recession
XEL,"Leading through uncertainty: Advice from Xcel Energy’s CEO, a former CFO"
XEL,"Xcel Energy looks to limit wildfire liability, tariff impacts"
